<?xml version="1.0" encoding="UTF-8"?>
<addon id="repository.srg70.windows-x64" version="1.2.1" name="srg70 Repository for Windows-x64-64bit" provider-name="srg70">
<extension point="xbmc.addon.metadata">
  <summary lang="en">srg70 Repository for Windows-x64-64bit</summary>
  <summary lang="ru">Windows-x64-64bit Репозиторий srg70</summary>
  <description lang="en">Addon repository for Windows-x64-64bit by srg70</description>
  <description lang="ru">Windows-x64-64bit Репозиторий дополнений srg70</description>
  <platform>windows</platform>
</extension>
<extension point="xbmc.addon.repository" name="srg70 repository Windows-x64-64bit">
    <dir minversion="18.0.0">
        <info compressed="false">https://github.com/srg70/kodi_leia/raw/master/repo/windows-x86_64/addons.xml</info>
        <checksum>https://github.com/srg70/kodi_leia/raw/master/repo/windows-x86_64/addons.xml.md5</checksum>
        <datadir zip="true">https://github.com/srg70/kodi_leia/raw/master/repo/windows-x86_64</datadir>
    </dir>
    <dir minversion="19.0.0">
        <info compressed="false">https://github.com/srg70/kodi_matrix/raw/main/repo/windows-x86_64/addons.xml</info>
        <checksum>https://github.com/srg70/kodi_matrix/raw/main/repo/windows-x86_64/addons.xml.md5</checksum>
        <datadir zip="true">https://github.com/srg70/kodi_matrix/raw/main/repo/windows-x86_64</datadir>
    </dir>
</extension>
</addon>
