<?xml version="1.0" encoding="UTF-8"?>
<addon id="repository.srg70.windows-x86" version="1.0.0" name="srg70 Repository for Windows-x86" provider-name="srg70">
<extension point="xbmc.addon.metadata">
  <summary lang="en">srg70 Repository for Windows-x86</summary>
  <summary lang="ru">Windows-x86 Репозиторий srg70</summary>
  <description lang="en">Addon repository for Windows-x86 by srg70</description>
  <description lang="ru">Windows-x86 Репозиторий дополнений srg70</description>
  <platform>linux</platform>
</extension>
<extension point="xbmc.addon.repository" name="srg70 repository Windows-x86">
  <info compressed="false">https://github.com/srg70/kodi_repo/raw/master/repo/windows-x86/addons.xml</info>
  <checksum>https://github.com/srg70/kodi_repo/raw/master/repo/windows-x86/addons.xml.md5</checksum>
  <datadir zip="true">https://github.com/srg70/kodi_repo/raw/master/repo/windows-x86</datadir>
</extension>
</addon>
