<?xml version="1.0" encoding="UTF-8"?>
<addon id="repository.srg70.linux-armv7" version="1.2.1" name="srg70 Repository for Linux-armv7" provider-name="srg70">
<extension point="xbmc.addon.metadata">
  <summary lang="en">srg70 Repository for Linux-armv7</summary>
  <summary lang="ru">Linux-armv7 Репозиторий srg70</summary>
  <description lang="en">Addon repository for Linux-armv7 by srg70</description>
  <description lang="ru">Linux-armv7 Репозиторий дополнений srg70</description>
  <platform>linux</platform>
</extension>
<extension point="xbmc.addon.repository" name="srg70 repository Linux-armv7">
    <dir minversion="17.0.0">
        <info compressed="false">https://github.com/srg70/kodi_repo/raw/master/repo/linux-armv7/addons.xml</info>
        <checksum>https://github.com/srg70/kodi_repo/raw/master/repo/linux-armv7/addons.xml.md5</checksum>
        <datadir zip="true">https://github.com/srg70/kodi_repo/raw/master/repo/linux-armv7</datadir>
    </dir>
    <dir minversion="18.0.0">
        <info compressed="false">https://github.com/srg70/kodi_leia/raw/master/repo/linux-armv7/addons.xml</info>
        <checksum>https://github.com/srg70/kodi_leia/raw/master/repo/linux-armv7/addons.xml.md5</checksum>
        <datadir zip="true">https://github.com/srg70/kodi_leia/raw/master/repo/linux-armv7</datadir>
    </dir>
    <dir minversion="19.0.0">
        <info compressed="false">https://github.com/srg70/kodi_matrix/raw/main/repo/linux-armv7/addons.xml</info>
        <checksum>https://github.com/srg70/kodi_matrix/raw/main/repo/linux-armv7/addons.xml.md5</checksum>
        <datadir zip="true">https://github.com/srg70/kodi_matrix/raw/main/repo/linux-armv7</datadir>
    </dir>
</extension>
</addon>
