<?xml version="1.0" encoding="UTF-8"?>
<addon id="pvr.puzzle.tv" version="0.8.4" name="PVR Puzzle TV" provider-name="srg70">
  <requires>
    <c-pluff version="0.1"/>
    <import addon="xbmc.pvr" version="5.2.1"/>
  </requires>
  <extension
    point="xbmc.pvrclient"
    library_osx="pvr.puzzle.tv.0.8.4.dylib"/>
  <extension point="xbmc.addon.metadata">
    <summary lang="en_US">Kodi PVR addon for IPTV support. Designed to agregate IPTV servise from different providers.</summary>
    <summary lang="ru_RU">Kodi PVR аддон для поддержки IPTV. Позволяет интегрировать IPTV-услуги разных провайдеров</summary>
    <description lang="en_US">Puzzle TV PVR Client supports streaming of Live TV, listening to Radio channels and EPG from service providers using dedicated API. Addon designed to be extandable. Currenly only Sovok TV provider is supported. </description>
    <description lang="ru_RU">Интерфейс для IPTV. Поддерживает просмотр потокового ТВ, прослушивание радиоканалов и работу с электронным телегидом от поствщиков услуг, используя специализированный интерфейс. Есть возможность расширения. Пока поддерживается только Sovok TV провайдер.</description>
    <disclaimer lang="en_US">This is unstable software! The authors are in no way responsible for failed playings, incorrect EPG times, wasted hours, or any other undesirable effects.</disclaimer>
    <disclaimer lang="ru_RU">Это нестабильная программа! Авторы не несут ответственности за неудачные воспроизведение, неверные время EPG, потраченное время и прочие нежелательные эффекты.</disclaimer>
     <platform>osx</platform>
  </extension>
</addon>
