<?xml version="1.0" encoding="UTF-8"?>
<addon id="repository.srg70.android-arm" version="1.1.3" name="srg70 Repository for `Android-arm" provider-name="srg70">
<extension point="xbmc.addon.metadata">
  <summary lang="en">srg70 Repository for Android-arm</summary>
  <summary lang="ru">Android-arm Репозиторий srg70</summary>
  <description lang="en">Addon repository for Android-arm by srg70</description>
  <description lang="ru">Android-arm Репозиторий дополнений srg70</description>
  <platform>android</platform>
</extension>
<extension point="xbmc.addon.repository" name="srg70 repository Android-arm">
    <dir minversion="17.0.0">
        <info compressed="false">https://github.com/srg70/kodi_repo/raw/master/repo/android-arm/addons.xml</info>
        <checksum>https://github.com/srg70/kodi_repo/raw/master/repo/android-arm/addons.xml.md5</checksum>
        <datadir zip="true">https://github.com/srg70/kodi_repo/raw/master/repo/android-arm</datadir>
    </dir>
    <dir minversion="18.0.0">
        <info compressed="false">https://github.com/srg70/kodi_leia/raw/master/repo/android-armv7/addons.xml</info>
        <checksum>https://github.com/srg70/kodi_leia/raw/master/repo/android-armv7/addons.xml.md5</checksum>
        <datadir zip="true">https://github.com/srg70/kodi_leia/raw/master/repo/android-armv7</datadir>
    </dir>
    <dir minversion="19.0.0">
        <info compressed="false">https://github.com/srg70/kodi_matrix/raw/master/repo/android-armv7/addons.xml</info>
        <checksum>https://github.com/srg70/kodi_matrix/raw/master/repo/android-armv7/addons.xml.md5</checksum>
        <datadir zip="true">https://github.com/srg70/kodi_matrix/raw/master/repo/android-armv7</datadir>
    </dir>
</extension>
</addon>
