<?xml version="1.0" encoding="UTF-8"?>
<addon id="repository.srg70.windows-x86" version="1.1.2" name="srg70 Repository for Windows-x86-32bit" provider-name="srg70">
<extension point="xbmc.addon.metadata">
  <summary lang="en">srg70 Repository for Windows-x86-32bit</summary>
  <summary lang="ru">Windows-x86-32bit Репозиторий srg70</summary>
  <description lang="en">Addon repository for Windows-x86-32bit by srg70</description>
  <description lang="ru">Windows-x86-32bit Репозиторий дополнений srg70</description>
  <platform>windows</platform>
</extension>
<extension point="xbmc.addon.repository" name="srg70 repository Windows-x86-32bit">
    <dir minversion="17.0.0">
        <info compressed="false">https://github.com/srg70/kodi_repo/raw/master/repo/windows-x86/addons.xml</info>
        <checksum>https://github.com/srg70/kodi_repo/raw/master/repo/windows-x86/addons.xml.md5</checksum>
        <datadir zip="true">https://github.com/srg70/kodi_repo/raw/master/repo/windows-x86</datadir>
    </dir>
    <dir minversion="18.0.0">
        <info compressed="false">https://github.com/srg70/kodi_leia/raw/master/repo/windows-i686/addons.xml</info>
        <checksum>https://github.com/srg70/kodi_leia/raw/master/repo/windows-i686/addons.xml.md5</checksum>
        <datadir zip="true">https://github.com/srg70/kodi_leia/raw/master/repo/windows-i686</datadir>
    </dir>
</extension>
</addon>
