<?xml version="1.0" encoding="UTF-8"?>
<addon id="repository.srg70.osx" version="1.1.2" name="srg70 Repository for OS X" provider-name="srg70">
<extension point="xbmc.addon.metadata">
  <summary lang="en">srg70 Repository for OS X</summary>
  <summary lang="ru">OS X Репозиторий srg70</summary>
  <description lang="en">Addon repository for OS X by srg70</description>
  <description lang="ru">OS X Репозиторий дополнений srg70</description>
  <platform>osx</platform>
</extension>
<extension point="xbmc.addon.repository" name="srg70 Repository for OS X">
    <dir minversion="17.0.0">
        <info compressed="false">https://github.com/srg70/kodi_repo/raw/master/repo/osx/addons.xml</info>
        <checksum>https://github.com/srg70/kodi_repo/raw/master/repo/osx/addons.xml.md5</checksum>
        <datadir zip="true">https://github.com/srg70/kodi_repo/raw/master/repo/osx</datadir>
    </dir>
    <dir minversion="18.0.0">
        <info compressed="false">https://github.com/srg70/kodi_leia/raw/master/repo/osx-x86_64/addons.xml</info>
        <checksum>https://github.com/srg70/kodi_leia/raw/master/repo/osx-x86_64/addons.xml.md5</checksum>
        <datadir zip="true">https://github.com/srg70/kodi_leia/raw/master/repo/osx-x86_64</datadir>
    </dir>
</extension>
</addon>
