<?xml version="1.0" encoding="UTF-8"?>
<addon id="repository.srg70.android-arm64" version="1.1.2" name="srg70 Repository for Android-arm-64bit" provider-name="srg70">
<extension point="xbmc.addon.metadata">
  <summary lang="en">srg70 Repository for Android-arm-64bit</summary>
  <summary lang="ru">Android-arm-64bit Репозиторий srg70</summary>
  <description lang="en">Addon repository for Android-arm-64bit by srg70</description>
  <description lang="ru">Android-arm-64bit Репозиторий дополнений srg70</description>
  <platform>android</platform>
</extension>
<extension point="xbmc.addon.repository" name="srg70 repository Android-arm-64bit">
    <dir minversion="18.0.0">
        <info compressed="false">https://github.com/srg70/kodi_leia/raw/master/repo/android-aarch64/addons.xml</info>
        <checksum>https://github.com/srg70/kodi_leia/raw/master/repo/android-aarch64/addons.xml.md5</checksum>
        <datadir zip="true">https://github.com/srg70/kodi_leia/raw/master/repo/android-aarch64</datadir>
    </dir>
</extension>
</addon>
